Image Name,Input,Expected Output,Generated Output,Pass/Fail
lobster-telephone.jpg,Was this sculpture made with asseblage and readymaede objects?,Readymade and Assemblage.,"Yes, the Lobster Telephone by Salvador Dalí is a prime example of assemblage and the use of readymade objects.  It combines a sculpted lobster (assemblage) with a pre-existing, mass-produced rotary telephone (readymade).  The artist didn't create the telephone itself; he incorporated it into a new artistic context.",Fail
lobster-telephone.jpg,Wen was this sculpture made?,1938,That's a sculpture titled *Lobster Telephone* by Claes Oldenburg.  It was created in **1965**.,Fail
lobster-telephone.jpg,Was the meaning behind this sculpture about items that reeal hidden desires of the unconscios?,"Yes, it was about items that reveal hidden desires of the unconscious.","That's Salvador Dalí's sculpture *Lobster Telephone*.  While Dalí didn't explicitly state a single, definitive meaning, the work is widely interpreted as a Surrealist exploration of the unconscious mind and its hidden desires.

The juxtaposition of a lobster – a creature often associated with sensuality and primal urges – with a telephone – a tool for communication and connection – is central to this interpretation.  The unexpected combination challenges conventional perceptions and suggests a blurring of boundaries between the rational and irrational, the conscious and the unconscious.

The lobster itself can be seen as a symbol of hidden desires or forbidden impulses, while the telephone represents the means of expressing or communicating those desires. The surreal nature of the piece invites viewers to contemplate the underlying, often irrational, motivations that drive human behavior.  It's less about revealing specific desires and more about highlighting the *existence* and surprising nature of those hidden desires within us all.",Fail
bullsheadpicasso.jpg,Was this scupture made using assemlage?,"Yes, it was made with assemblage.","Yes, Picasso's *Bull's Head* is a prime example of assemblage.  It's created by joining two found objects — bicycle handlebars and a bicycle seat — to form a new, representational sculpture.",Fail
bullsheadpicasso.jpg,Wen waz this skulpture mad?,1942,That's Pablo Picasso's *Bull's Head*.  It was made in **1942**.,Pass
bullsheadpicasso.jpg,Waz da significace of the skulpture about heteroganous itemz that have so much unity that itz difficult to identify each item individualllly?,"Yes, it was about heterogenous items with so much unity it is difficult to identify each of them individually.","Pablo Picasso's ""Bull's Head"" (1942) is a prime example of *assemblage*, a sculptural technique that combines found objects to create a new artwork.  The significance lies in its transformation of discarded items—the handlebars and a bicycle seat—into a recognizable and powerful image.

The sculpture's power comes from several aspects:

* **Transformation and Metamorphosis:** The mundane, utilitarian objects are completely recontextualized.  Their original function is obliterated, forcing the viewer to see them anew, to appreciate their potential for symbolic meaning beyond their initial purpose. The surprise and cleverness of the transformation are key.

* **Unity and Heterogeneity:** As you noted, the disparate elements are unified so completely that recognizing the original objects individually becomes secondary. This unity emphasizes the artist's ability to synthesize unrelated forms into a cohesive whole; it's a statement about creative synthesis and the power of the artist's vision.

* **Surrealism and Dada:** The work embodies aspects of both Dada and Surrealist movements.  Dada's anti-art sentiment is visible in the use of found objects, while the unexpected transformation and creation of a recognizable symbol (a bull's head) aligns with Surrealism's exploration of the subconscious and juxtaposing unrelated elements to create a surprising effect.

* **Symbolism:** The bull has strong symbolic associations across cultures, often representing power, virility, strength, and even aggression.  Picasso's choice of subject matter, combined with the unexpected materials, gives the work a layered and provocative meaning.  The use of discarded materials also subtly comments on consumption, waste, and the potential for finding beauty and meaning in unexpected places.

In short, the significance of Picasso's ""Bull's Head"" isn't just about its aesthetic qualities but also its commentary on the nature of art itself, the power of creative transformation, and the symbolic potential inherent in everyday objects.  It challenges our perceptions and forces us to reconsider the boundaries between art and life, function and form.",Fail
mae-west-blur.jpg,Waz this skulptore crated using paranoiac critical-method?,"Yes, it was made with paranoiac-critical method","The image is too blurry to determine definitively whether the sculpture was created using the paranoiac-critical method.  This method, developed by Salvador Dalí, involves exploiting the ambiguity of images to create unexpected and often unsettling juxtapositions. While the shape of the sculpture (lips) might suggest a Surrealist approach, the lack of detail prevents a confident assertion about the creative process used. More clarity is needed in the image.",Fail
mae-west-blur.jpg,Wen waz dis skulpture crated?,1937,"That's the *Mae West Lips Sofa*, designed by **Salvador Dalí** in **1936**.  Although the image is blurry, it's clearly recognizable as his iconic design.",Fail
mae-west-blur.jpg,Waz da maning behind this sculpture about being able to comfortably sit somewhere but simultaneously be uncomfortable?,"Yes, it is about being able to sit comfortably but be uncomfortatable at the same time.","That's a blurry image of the ""Mae West Lips Sofa"" designed by the artist and architect,  Salvador Dalí.  The meaning behind the sculpture, and its paradoxical comfort/discomfort, relates to several layers of interpretation:

* **Surrealism and Subversion:**  Dalí's work is firmly rooted in Surrealism, which challenges conventional perceptions of reality. The sofa, shaped like Mae West's lips, subverts the expected form of furniture.  It's visually striking and intriguing, but one might question its actual practicality and comfort.  The juxtaposition of the sensual, feminine form with the function of a seat is inherently unsettling, creating a sense of unease despite its appealing appearance.

* **The Female Form and Objectification:** The use of Mae West's lips, a famous Hollywood actress known for her glamour and sexuality, directly links the object to the female form.  This could be interpreted as either a celebration of female beauty or a commentary on its objectification, depending on the viewer's perspective. The seemingly inviting form might mask underlying implications of power dynamics and the male gaze.

* **Illusion vs. Reality:** The sofa's shape is an illusion—it's not truly comfortable in the traditional sense.  This playful distortion reflects a key aspect of Dalí's work: challenging the viewer to reconcile the perception of an object with its reality.  What looks inviting may not actually be so.

* **Comfort and Discomfort:** The paradoxical nature of being able to sit *on* it, yet feeling uneasy due to its unusual shape and the inherent surrealism of the design, creates a tension between visual appeal and physical experience.  It's a commentary on how appearances can be deceptive and how comfort is subjective.

In essence, the Mae West Lips Sofa is not just a piece of furniture; it's a statement about art, sexuality, illusion, and the often-conflicting nature of appearance and reality.  The ""comfortable yet uncomfortable"" aspect arises from this deliberate clash of expectations and experiences.",Fail
man-with-lamb-blur.jpg,Waz dis skulpture carved out of bronze?,"Yes, it was carved out of bronze.","Yes, this sculpture is carved out of bronze.  The dark, somewhat metallic appearance is indicative of bronze.",Fail
man-with-lamb-blur.jpg,Wen was this skulpture created?,1943,"I cannot answer this question. The image is too blurry to identify the sculpture or its creator, let alone the date of its creation.  More information or a clearer image is needed.",Fail
man-with-lamb-blur.jpg,Was this sculpture about the fight against fascism in Nazi-occupied Paris?,"Yes, it was about the fight against facism in Nazi-occupied Paris.","No, there is no information available to indicate that this sculpture is about the fight against fascism in Nazi-occupied Paris.  The image is too blurry to make any determination about the subject matter.  More information about the sculpture, such as its title, artist, and date of creation, would be needed to determine its meaning.",Fail
lobster-telephone-black-and-white.jpg,Waz this skulpture mad with assemblage and readymade objects?,"Yes, it was made with assemblage and readymade objects.","Yes, this sculpture, titled *Lobster Telephone*, is made using assemblage and readymade objects.  The artist, Salvador Dalí, combined a readymade telephone with a sculpted lobster to create a surreal and unexpected image.  The lobster is not a readymade object itself, but it's still considered an element of assemblage because it's been incorporated into the work.",Fail
lobster-telephone-black-and-white.jpg,Wen waz this skulpture mad?,1938,That's a photograph of the sculpture *Lobster Telephone* by Claes Oldenburg.  It was created in **1965**.,Fail
lobster-telephone-black-and-white.jpg,Waz da meaning behind this sculpture about items that reveal hidden desires of the unconscious? ,"Yes, it is about items that reveal hidden desires of the unconscious.","That's a photograph of  ""Lobster Telephone"" (1936) by the Surrealist artist, Salvador Dalí.

The meaning behind this sculpture, and Surrealist art in general, is not about literal representation but symbolic expression of the unconscious mind.  The juxtaposition of a lobster and a telephone is meant to be jarring and illogical, forcing the viewer to confront unexpected associations and interpretations.  Here's a breakdown of potential meanings:

* **Communication and Desire:** The telephone, a tool of communication, is altered by the addition of the lobster. This suggests a disruption or distortion of communication, possibly relating to the hidden, often difficult-to-articulate desires of the unconscious. The lobster itself, with its hard shell and powerful claws, could symbolize aggression, desire, or even sexual connotations.

* **The Irrationality of the Unconscious:**  Surrealism aimed to tap into the unconscious mind, revealing its irrational and illogical nature. The bizarre combination of the lobster and the telephone visually embodies this irrationality, showing how the unconscious operates outside the bounds of logic and reason.

* **The Unexpected and the Grotesque:** Dalí frequently incorporated grotesque imagery in his works. The lobster, often associated with luxury in certain contexts, is here placed in an unusual and somewhat unsettling position.  This unexpectedness is intended to unsettle the viewer, mirroring the often unexpected and disturbing nature of unconscious desires.

* **Symbolism Open to Interpretation:** Ultimately, much of the meaning is subjective. The lobster and telephone become vehicles for personal associations and interpretations. What does *the lobster* symbolize to *you*? What does the act of *picking up the lobster telephone* evoke?   These are the kinds of questions Dalí would want to raise.


In short, the ""Lobster Telephone"" isn't meant to have one definitive meaning. It is a provocative object designed to trigger a variety of responses and interpretations, all stemming from the exploration of hidden desires and the workings of the unconscious.",Fail
bullsheadpicassoblackandwhite.jpg,Waz dis skulpture made using assemblage?,"Yes, it was made using assemblage.",That's Pablo Picasso's *Bull's Head*.  It's a famous example of assemblage sculpture.  He created it in 1942 using a bicycle seat and handlebars.,Fail
bullsheadpicassoblackandwhite.jpg,Wen waz thiz skulpture made?,1942,That's Pablo Picasso's *Bull's Head*.  It was created in **1942**.,Pass
bullsheadpicassoblackandwhite.jpg,Waz da significance of the sculpture about heterogenous items that have so much unity that its diffikult to identify each item individually?,"Yes, the signfiicance was about heterogenous items with a lot of unity to the point where its hard to identify them individually.","That's a photograph of Pablo Picasso's sculpture *Bull's Head* (1942).  Its significance lies precisely in the juxtaposition of heterogeneous items achieving such unity that their individual identities are almost lost.

The sculpture is made from the handlebars and seat of a bicycle.  The significance is multi-layered:

* **Transformation and Reinterpretation:** Picasso takes discarded, everyday objects and transforms them into something entirely new and unexpected. This act highlights his artistic process of seeing potential where others see only junk. It speaks to the power of the artist's vision to redefine reality.

* **Found Object Art (Readymade):**  The work is a prime example of  ""found object"" or ""readymade"" art, a movement that challenges the traditional notion of artistic creation by utilizing pre-existing objects.  It questions the boundaries of art itself.

* **Synthesis and Unity:** The disparate parts of the bicycle are seamlessly integrated to form a recognizable bull's head. This surprising unity emphasizes the artist's ability to create a cohesive whole from seemingly unrelated elements. The viewer sees the bull first, not the bicycle parts.

* **Symbolism:** The bull is a potent symbol in art history, often representing strength, power, virility, and even aggression. Picasso's use of this image, crafted from discarded materials, could be interpreted in numerous ways, relating to themes of consumption, societal structures, or the transformation of the ordinary.

* **Simplicity and Elegance:**  Despite its complex meaning, the sculpture possesses a striking simplicity and elegance in its form. The effectiveness of the transformation is remarkable; the bicycle parts are completely absorbed into the final artistic creation.


In short, Picasso's *Bull's Head* is significant because it masterfully demonstrates the power of artistic vision to transform the mundane into something extraordinary, challenging established notions of art and its materials, and leaving open a range of interpretations.",Fail
mae_west_black_and_white_blur.jpg,Was this skulptore created using paranoiac critical-method?,"Yes, it was created using paranoiac critical method.","The provided image shows a sculpture that resembles a pair of lips or a sofa in the shape of lips.  This is Salvador Dalí's sculpture *Mae West Lips Sofa*.

Dalí used his ""paranoiac-critical method"" in many of his works.  This method involved inducing a state of paranoia to unlock the unconscious mind, allowing for the free association of ideas and the creation of surreal images.  While the *Mae West Lips Sofa* is clearly based on the double image of Mae West's face and a sofa, it's not definitively *proven* that every aspect of its creation explicitly followed every step of the paranoiac-critical method as Dalí described it.  However, the inherent duality and unexpected transformation of imagery strongly suggests the influence of this method.  It's a prime example of his style, showcasing the unexpected merging of seemingly disparate objects, demonstrating the principles of the paranoiac-critical method even if its exact application in this particular case isn't explicitly documented.",Fail
mae_west_black_and_white_blur.jpg,Wen was dis sculpture created?,1937,"That's a photograph of *Mae West's Lips Sofa*, designed by Salvador Dalí in 1936.  While the photo itself is recent, the sculpture depicted was created in **1936**.",Fail
mae_west_black_and_white_blur.jpg,Waz da maning behind this skulpture about  being able to comfortably sit somewhere but simultaneously be uncomfortable?,"Yes, the meaning behind this sculpture is about being able to comfortably sit somewhere but be uncomfortable too.","That's a sculpture of a sofa designed by the artist,  Allen Jones, called ""Chair"" (it's also sometimes called the ""Mae West Lips Sofa"").  The meaning behind the sculpture's ability to be both comfortable and uncomfortable simultaneously is complex and open to interpretation, but here are some key points:

* **Surrealism and Juxtaposition:** The sculpture is a clear example of Pop Art and Surrealism. The unexpected juxtaposition of a familiar object (a sofa) shaped like a pair of lips (a highly sexualized and unexpected shape for furniture) creates a sense of unease. While it *looks* like a comfortable place to sit, the unexpected form raises questions about its actual practicality and comfort.

* **Female Body as Object:** The sculpture's form is clearly derived from the lips of Mae West, a famous actress known for her overt sexuality.  This explicitly links the design to the female body, casting the comfortable seating as a potentially objectified and potentially uncomfortable space for a female. It invites a discussion about women's bodies being seen solely through a lens of male desire.

* **Comfort and Discomfort of Representation:** The inviting shape of the sofa could be seen as representing the allure and potential comfort of being a woman, but the overall form also implies constraints and the discomfort of being objectified and fetishized. The piece challenges notions of beauty standards and examines how things that appear alluring or inviting could also be restrictive or uncomfortable.


* **Ambiguity and Open Interpretation:**  A key element of much art, particularly in Pop Art and Surrealism, is ambiguity.  The piece does not explicitly state its meaning; it aims to provoke thought and discussion from the viewer based on their own experiences and understanding of the themes involved.  Its discomfort stems partly from its unwillingness to give simple answers.

In short, the sculpture's simultaneous comfort and discomfort stem from the unsettling blend of familiar and unexpected forms, its commentary on the female form, and its refusal to provide a simple, easily digestible interpretation. The experience of viewing the sculpture is intended to be both visually appealing and intellectually stimulating, even if a bit unsettling.",Fail
man-with-lamb-black-and-white-blur.jpg,Waz dis sculpture carved out of bronze?,"Yes, it was carved out of bronze.","Based on the image, it's difficult to say for certain what material the sculpture is made of.  The blurry, black and white nature of the photograph doesn't provide enough detail to definitively identify the bronze.  While it *could* be bronze, other dark-colored metals or even a dark stone could also produce a similar appearance in a low-resolution grayscale image.",Fail
man-with-lamb-black-and-white-blur.jpg,Wen was dis sculpture created?,1943,I cannot answer this question. The image is too blurry to identify any identifying marks or information which would be needed to find the creation date of this sculpture.,Fail
man-with-lamb-black-and-white-blur.jpg,Waz this skulpture aboot the fight against fascism in Nazi-occupied Paris?,"Yes, it was about Nazi-occupation in Paris.","I cannot answer this question definitively without more information.  The image is too blurry to identify the sculpture or its subject matter with certainty.  To determine if the sculpture is about the fight against fascism in Nazi-occupied Paris, I would need:

* **A clearer image:**  A sharper picture would allow for proper identification of the sculpture and any symbolic elements.
* **The title or artist's name:** Knowing the artwork's title and creator would allow for research into its meaning and historical context.
* **Information about its creation and exhibition:** Knowing when and where the sculpture was created and displayed could provide clues about its intended message.


Without this information, I cannot tell you whether or not the sculpture depicts the fight against fascism in Paris during the Nazi occupation.",Fail
lobster-telephone-dark.jpeg,Waes this skulpture maede with assedmblage and reacdymsade objects?,"Yes, it was made with assemblage and readymade objects.","Yes, this sculpture is made with assemblage and readymade objects.  The sculpture uses a readymade rotary telephone and incorporates an assemblage of materials (presumably sculpted or molded) to form the lobster that is placed atop it.",Fail
lobster-telephone-dark.jpeg,Whqen was this sculspture marde?,1938,That's a sculpture called *Lobster Telephone* by artist Robert Gober.  It was created in **1989**.,Fail
lobster-telephone-dark.jpeg,Was the mesaning behind this sculpdture about items that regveal hidden desires of the uncownscious? ,"Yes, it is about items that reveal hidden desires of the unconscious.","The sculpture, a lobster replacing the handset of a rotary telephone, is a surrealist artwork by Salvador Dalí.  Its meaning isn't explicitly stated, but it's widely interpreted as exploring themes related to the unconscious mind and hidden desires.  The jarring juxtaposition of the commonplace (a telephone) with the unexpected (a lobster) is key to its interpretation.

Here's how it relates to revealing hidden desires of the unconscious:

* **Surrealism and Dream Logic:** Dalí was a master of Surrealism, which aimed to tap into the subconscious.  The illogical combination of objects mirrors the bizarre imagery often found in dreams, suggesting a connection to the irrational workings of the mind.  The lobster, particularly, is a symbol open to various interpretations, possibly referencing desires, anxieties, or even repressed sexuality.

* **Communication and Connection:**  The telephone represents communication. The lobster, as a replacement for the receiver, implies a distorted or unusual mode of communication, perhaps symbolizing the difficulty of expressing or understanding hidden desires.

* **Unexpected and Unsettling:** The unexpectedness of the lobster on the phone creates a sense of unease or strangeness. This disorientation mirrors the experience of encountering unexpected aspects of one's own subconscious.

* **Symbolism Open to Interpretation:** The power of the sculpture lies in its ambiguity. The meaning is not fixed but open to the viewer's interpretation, prompting reflection on their own subconscious desires and anxieties.  The lobster might represent something specific to the viewer, adding a personal layer to the artwork's meaning.

In short, the lobster telephone isn't about revealing *specific* hidden desires, but rather it acts as a powerful visual metaphor for the very process of accessing and grappling with the often strange and surprising content of the unconscious mind.",Fail
bullsheadpicassodark.jpeg,Was this sculptgure made usinag assemdblage?,"Yes, it was made using assemblage.","No, this sculpture was not made using assemblage.

Assemblage is an artistic technique that involves creating a three-dimensional artwork by assembling various pre-existing materials and objects.  This Picasso bull's head appears to be constructed from a single material (presumably metal) that has been shaped and formed, rather than assembled from disparate parts.  While it's possible that the original materials might have been separate pieces of metal before being welded together (thus making a technical case for assemblage), the final product strongly suggests a more unified sculpting process rather than the combining of distinct found objects, which is the core concept of assemblage.",Fail
bullsheadpicassodark.jpeg,When wacs this sculvpture mayde?,1942,"That's a sculpture of a bull's head, in the style of Pablo Picasso.  However, I cannot determine when *this particular* sculpture was made from just an image.  To know when it was made would require additional information, such as:

* **Artist's signature or markings:**  A signature or maker's mark on the sculpture itself would be the most reliable source.
* **Provenance information:** Documentation tracing the sculpture's ownership history could indicate its creation date.
* **Material analysis:**  Scientific analysis of the materials could potentially provide clues about its age.


Without such information, it's impossible to date the sculpture precisely.  It could be a contemporary artwork, a reproduction, or a piece made at some point in the past.",Fail
bullsheadpicassodark.jpeg,Was the sigvnificance of thbe sculpture about heteroggenous items that have so muhch unity that its diffnicult to idenmtify each item indfividualgly?,"Yes, it is about items that come together to make it difficult for others to tell them apart.","The sculpture, Picasso's *Bull's Head*, is significant for its demonstration of the artist's concept of assemblage.  It's created from two discarded bicycle parts—a seat and handlebars—that are seamlessly combined to create a recognizable bull's head. The significance lies in:

* **Transformation of Found Objects:** Picasso elevates mundane, discarded objects into a powerful artistic statement. This highlights the artist's ability to see potential where others see trash.

* **Unity from Heterogeneity:** As you noted, the individual components are almost indistinguishable once assembled. The unity achieved transcends the original nature of the materials.  The final product is greater than the sum of its parts.  This emphasizes the transformative power of artistic vision.

* **Simplicity and Power:** The sculpture's power derives from its stark simplicity and surprising effect.  Its immediate recognition as a bull’s head despite the unexpected materials makes it a memorable and impactful work.

* **Surrealism and Cubism influences:** While not a purely Cubist work, the assemblage technique and the unexpected combination of materials relate to Cubist and Surrealist principles of challenging conventional perception and exploring the potential of unconventional artistic methods.  It shows a departure from traditional sculpture materials and techniques.

In essence, *Bull's Head* is a powerful example of assemblage art that explores themes of transformation, creativity, and the potential for artistic vision to reinterpret reality.",Fail
mae-west-dark.jpeg,Was this scwulpture created udsing assemrblage?,"No, it was not made with assemblage.","No, the Mae West lips sofa was not created using assemblage.  Assemblage involves creating art from a collection of found objects.  This sofa, while unconventional in shape, appears to be constructed from a single material (upholstered fabric) and crafted as a whole piece.  It's a sculpted form, not an assemblage of separate pre-existing parts.",Fail
mae-west-dark.jpeg,When wsas this sculpture creatfed?,1937,That's a picture of the *Mae West Lips Sofa* designed by Salvador Dalí in 1936.  It was created in 1936.,Fail
mae-west-dark.jpeg,Was the meaning behgind this sculpture about  being able to cohmfortably sit somewhere but simultraneously be uncfomfortgable?,"Yes, the meaning behind the sculpture is being able to sit comfortable but be uncomfortable at the same time. ","That's Salvador Dalí's ""Mae West Lips Sofa"".  The meaning behind the sculpture isn't about simultaneously feeling comfortable and uncomfortable in a literal sense.  Instead, it's a Surrealist piece playing on:

* **Paranoiac-critical method:** Dalí's technique of finding multiple interpretations in a single image. The sofa is both a comfortable piece of furniture and a giant pair of lips, a woman's face.  The viewer is meant to switch between these interpretations.

* **Double entendre:** The piece uses the visual representation of Mae West's lips (a symbol of sexuality and femininity) as a seating object. It's both inviting and unsettling, highlighting the duality of attraction and potential for discomfort or unease when engaging with powerful symbols of female sexuality (especially in a patriarchal context).

* **Surreal juxtaposition:** The unexpected combination of a functional object (a sofa) and a provocative image (a pair of lips) is inherently unsettling. It challenges conventional expectations and forces the viewer to confront the absurdity and unexpected nature of desire and human relationships.

* **Mae West herself:** The design draws on the iconic image of the actress Mae West's lips – inherently provocative and linked to her flamboyant personality and powerful presence.  The sofa embodies her persona, both inviting and slightly intimidating.

So, while you *could* physically sit on it and be comfortable, the true meaning is in the psychological and artistic dissonance – the unsettling yet compelling power of seeing a sofa as lips, and contemplating the dualities represented by Mae West herself.",Fail
man-with-lamb-dark.jpeg,Wdas this scuflpture carvged out of brohnze?,"Yes, it was carved out of bronze.","Yes, the sculpture appears to be carved out of bronze.  The dark, matte finish and the way the light interacts with the surface are consistent with a bronze sculpture.  The texture also suggests the material is bronze.",Fail
man-with-lamb-dark.jpeg,When was thgis sculphture creajted?,1943,"I cannot answer this question.  I do not have access to local files such as ""man-with-lamb-dark.jpeg"".  To determine when the sculpture was created, you will need to provide more information, such as the artist's name, the sculpture's title, or any identifying marks or provenance information that might be associated with it.",Fail
man-with-lamb-dark.jpeg,Wfas this scudlpture abocut the fight agavinst fascigsm in Ndazi-occuhpied Pgaris?,"Yes, it was about Nazi occupation in Paris.","That's not something that can be determined from the image alone.  The sculpture depicts a man carrying something that looks like a lamb or a large bundle.  There's nothing in the visual information to suggest a connection to the fight against fascism in Nazi-occupied Paris or any other historical event.  More information about the sculpture's title, artist, and context is needed to make that connection.",Fail
lobster-telephone.jpg,This sculpture was made with assemblage and readymade objects?,"Yes, it was made with assemblage and readymade objects.",That's a sculpture titled *Lobster Telephone* by  Salvador Dalí.  It's a prime example of assemblage and the use of readymade objects in Surrealist art.  Dalí combined a sculpted lobster with a pre-existing rotary telephone.,Fail
lobster-telephone.jpg,This sculpture made when?,1938,That's Salvador Dalí's *Lobster Telephone*.  It was created in 1936.,Fail
lobster-telephone.jpg,The meaning behind this sculpture about items that reveal hidden desires of the unconscious was?,"Yes, it is about items that reveal hidden desires of the unconscious.","That's a photograph of a sculpture titled  ""Lobster Telephone"" by artist Robert Gober.  The meaning behind the sculpture is open to interpretation, but it's generally understood to explore themes of:

* **The Surreal and the Uncanny:** The juxtaposition of a commonplace object (a telephone) with a bizarre and unexpected element (a lobster) creates a surreal effect. This unsettling combination reflects the unexpected and often disturbing nature of the unconscious mind.  The lobster, specifically, often evokes feelings of unease or discomfort.

* **Hidden Desires and Fears:**  The sculpture is about the things that are hidden or repressed, things that we don't readily acknowledge or discuss.  The lobster, as a substitute for the handset, suggests a distorted or unusual form of communication, perhaps representing the convoluted and indirect ways in which unconscious desires and anxieties might manifest.

* **Body and Technology:**  The merging of organic (lobster) and technological (telephone) elements could be a commentary on the relationship between our bodies and technology, suggesting how technology can both connect and disconnect us from our physical and emotional selves.

* **Communication and Connection:** The telephone itself represents communication, but the lobster as a substitute receiver creates a disconnect – a difficulty in expressing or understanding hidden desires.

In short, Gober's ""Lobster Telephone"" uses the unsettling image to invite viewers to contemplate the strange and often illogical ways our unconscious mind operates, and how our anxieties and desires influence our communication and connection with the world around us.  It doesn't offer a single, definitive meaning, but rather encourages reflection on these complex issues.",Fail
bullsheadpicasso.jpg,This sculpture made using assemblage was?,"Yes, it was made using assemblage.","That's Pablo Picasso's *Head of a Bull*.  It's a sculpture created using assemblage — a technique where found objects are combined to create a new artwork.  In this case, Picasso used a bicycle seat and handlebars.",Fail
bullsheadpicasso.jpg,This sculpture made when?,1942,That's Picasso's *Head of a Bull*.  It was created in **1942**.,Pass
bullsheadpicasso.jpg,The significance of the sculpture about heterogeneous items so much unity that difficult to identify each item individually was?,"Yes, it is about heterogenous items with a lot of unity coming together to make ti difficult to discern each item individually.","Pablo Picasso's ""Bull's Head"" (1942) is a significant example of assemblage art.  Its significance lies in its ability to create a unified and recognizable image—a bull's head—from completely disparate, everyday objects: the handlebars and seat of a bicycle.  The sculpture's power comes from the unexpected transformation of found objects into something aesthetically pleasing and conceptually profound. The unity achieved masks the individual components, forcing the viewer to appreciate the whole as something more than the sum of its parts.  It highlights Picasso's ability to see potential in the ordinary and challenges the viewer to reconsider their perception of familiar objects.  The sculpture's simplicity and power exemplifies the artistic principles of Cubism and Surrealism, showcasing the potential for creative transformation in seemingly unrelated materials.",Fail
mae-west-blur.jpg,This sculpture created using assemblage was?,"No, it was not created using assemblage.","That's a blurry image of the sculpture *Mae West Lips Sofa* by Salvador Dalí.  It's not strictly assemblage in the traditional sense (using found objects), but it is a form of  three-dimensional construction.  The form is inspired by the lips of the actress Mae West.",Fail
mae-west-blur.jpg,This sculpture created when?,1937,That's the *Mae West Lips Sofa* by Salvador Dalí.  It was designed in **1936**.,Fail
mae-west-blur.jpg,The meaning behind this sculpture about being able to comfortably sit somewhere but simultaneously be uncomfortable was?,"Yes, it is about being able to be sitting somwhere comfortably while being uncomfortable at the same time.","That's a blurry image of the ""Mae West Lips Sofa"" designed by the artist,  Salvador Dalí.  The meaning behind the sculpture, in relation to comfort and discomfort, is complex and open to interpretation, but here's a likely interpretation:

The sofa is shaped like Mae West's lips, a famously provocative and sensual image.  While the shape might *suggest* comfort and invitation (a place to relax and rest), the actual experience of sitting on it is likely quite uncomfortable.  The form is unusual, probably inflexible, and doesn't conform to the usual ergonomic principles of comfortable seating.

Therefore, the artwork plays on this duality: a visually inviting and appealing form that, in reality, likely provides a rather uncomfortable and possibly even awkward experience. This contradiction reflects the often-complex relationship between appearances and reality, and possibly the ways in which desire and fulfillment can be at odds.  The work comments on visual seduction versus physical experience.",Fail
man-with-lamb-blur.jpg,This sculpture carved out of bronze was?,"Yes, it was carved out of bronze.","That's a bronze sculpture of a *Shepherd with a Lamb*.  While the image is blurry, the subject matter is clearly identifiable.",Fail
man-with-lamb-blur.jpg,This sculpture created when?,1943,That's a sculpture titled *Man with Lamb*.  It was created by the artist Alberto Giacometti in 1922.,Fail
man-with-lamb-blur.jpg,This sculpture about the fight against fascism in Nazi-occupied Paris was?,"Yes, it was about the fight against facism in Nazi-occupied Paris.","That's a bronze sculpture titled *Le Porteur de Mouton* (The Shepherd) by Ossip Zadkine.  It's a powerful symbolic work related to the fight against fascism in Nazi-occupied Paris.  While not explicitly depicting a battle, the figure's strained posture and the way he carries the lamb are interpreted as representing the burdens and resilience of the French people during that dark period.",Fail
lobster-telephone-black-and-white.jpg,This sculpture made with assemblage and readymade objects was?,"Yes, it was made with assemblage and readymade",That's **Lobster Telephone** by Salvador Dalí.  It's a prime example of Surrealist art using assemblage and readymade objects.,Fail
lobster-telephone-black-and-white.jpg,This sculpture made when?,1938,That's Salvador Dalí's *Lobster Telephone*.  It was created in 1936.,Fail
lobster-telephone-black-and-white.jpg,The meaning behind this sculpture about items that reveal hidden desires of the unconscious was?,The meaning behind the sculpture is to reveal the hidden desires of the unconscious.,"That's a photograph of a sculpture by the Surrealist artist,  Meret Oppenheim, titled *Object (Le Déjeuner en fourrure)* (Object (Lunch in Fur)).  It's not about hidden desires of the unconscious in the way that a dream might be interpreted.  Instead, it's a prime example of Surrealist juxtaposition.

The meaning is not a literal one of hidden desires, but rather an exploration of the unexpected and unsettling feeling that arises from the unexpected combination of ordinary objects. The lobster, a symbol of luxury and decadence, is attached to a common telephone, an object of communication, making it both absurd and slightly disturbing. This unexpected pairing challenges our perceptions of the familiar and forces a reconsideration of the relationship between objects and their symbolic meanings.  It is meant to be provocative and thought-provoking, not to reveal specific unconscious desires.  The unexpected nature of the combination itself is the point, highlighting the Surrealist interest in disrupting the ordinary and highlighting the unconscious mind through unconventional means.",Fail
bullsheadpicassoblackandwhite.jpg,This sculpture made using assemblage was?,"Yes, it was made using assemblage.","That's Pablo Picasso's *Bull's Head*.  It's a famous example of assemblage, created in 1942 from the handlebars and seat of a bicycle.",Fail
bullsheadpicassoblackandwhite.jpg,This sculpture made when?,1942,That's Pablo Picasso's *Bull's Head*.  He created it in **1942**.,Pass
bullsheadpicassoblackandwhite.jpg,The significance of the sculpture about heterogeneous items that have so much unity that it's difficult to identify each item individually was?,"Yes, the significance was that heterogenous items with a lot of unity can come together as one and make it seem as if one cannot tell them apart.","That's Pablo Picasso's *Head of a Bull* (1942).  The significance lies in its demonstration of **assemblage** and **transformation**.

Picasso took two discarded objects – a bicycle seat and handlebars – and joined them to create a recognizable bull's head.  The sculpture's power comes from the unexpected juxtaposition of these unrelated parts.  They become something entirely new and meaningful through their unification.  

The significance is multifaceted:

* **Surrealism and Transformation:** The sculpture's impact derives from its unexpected nature.  It subverts our expectations and challenges our perceptions of what sculpture can be, reflecting Surrealist interests in the unexpected and dreamlike.

* **Found Object Art:**  Picasso's use of ready-made, found objects highlights the artist's ability to imbue everyday materials with new meaning.  It anticipates and influences later movements like Pop Art.

* **Unity from Heterogeneity:** The complete lack of pretense – the raw, unpolished materials, their humble origins – combined with their perfect unification to create something powerful and aesthetically pleasing, highlights the transformative power of the artist's vision.


In short, *Head of a Bull* is a powerful statement on the nature of art, the creative process, and the potential for transformation even in the most mundane of objects.  It shows how the artist's eye can find beauty and meaning where others see only scraps.",Fail
mae_west_black_and_white_blur.jpg,This sculpture created using assemblage was?,The sculpture was not created using assemblage.,"That's a photograph of **Mae West's Lips**, a sculpture by Salvador Dalí.  It's a famous example of assemblage art, as it's created by assembling different materials to create a three-dimensional work.",Fail
mae_west_black_and_white_blur.jpg,This sculpture created when?,1937,That's a photo of the sculpture *Mae West Lips Sofa* by Salvador Dalí.  It was created in **1936**.,Fail
mae_west_black_and_white_blur.jpg,The meaning behind this sculpture about being able to comfortably sit somewhere but simultaneously be uncomfortable was?,"Yes, the meaning behind the sculpture is being able to comfortably sit somewhere but be uncomfortable at the same time.","That's a sculpture of a sofa shaped like Mae West's lips.  The meaning behind the piece, in terms of the comfort/discomfort duality,  is open to interpretation but likely plays on several levels:

* **Appearance vs. Reality:** The lips are inviting and sensual, suggesting comfort and ease.  However, the actual seating might be uncomfortable.  The contrast forces a consideration of how appearances can be deceptive.

* **Sexuality and Social Expectations:**  Mae West was a renowned sex symbol.  The shape of the sculpture directly references her iconic lips, emphasizing the potentially uncomfortable aspects of being a sex symbol – the constant objectification and the pressure to conform to idealized standards of beauty. Sitting on it physically could be uncomfortable.

* **Femininity and Power:** The juxtaposition of a conventionally ""feminine"" form (lips) with a solid, heavy, sculptural object explores the complexities of femininity, power dynamics, and how women might be simultaneously embraced and constrained by societal expectations.

* **Surrealism:**  Dalí was a surrealist.  Surrealism often aims to create a sense of unease and challenge conventional notions of beauty and reality. The surprising and unexpected nature of the sculpture's form contributes to this disquiet.


Essentially, the piece uses the physical experience of sitting (or not sitting comfortably) to explore deeper themes about appearance, perception, sexuality, gender roles, and societal expectations.  The viewer is challenged to consider the conflicting emotions evoked by the sculpture's visual appeal and its potential discomfort.",Fail
man-with-lamb-black-and-white-blur.jpg,This sculpture carved out of bronze was?,"Yes, it was carved out of bronze.",That's a bronze sculpture of a **Shepherd with a Lamb**.  There's no readily available information to identify the specific artist or title of this particular piece from the image alone.  More detail or context would be needed.,Fail
man-with-lamb-black-and-white-blur.jpg,This sculpture created when?,1943,I cannot answer this question.  The image is too blurry to identify the sculpture and therefore determine when it was created.  More information is needed.,Fail
man-with-lamb-black-and-white-blur.jpg,This sculpture about the fight against fascism in Nazi-occupied Paris was?,"Yes, it was about fighting against facism in Nazi-occupied Paris.","That's a photo of the sculpture *Le Porteur de Mouton* (The Shepherd) by Ossip Zadkine.  It's a bronze sculpture created in 1943 in Nazi-occupied Paris.  While not directly depicting a fight, it is considered symbolic of the resistance against the occupation.  The imagery evokes themes of resilience and carrying burdens, which resonated with the experiences of Parisians at the time.",Fail
