Image Name,Input,Expected Output,Generated Output,Pass/Fail,Folder
,Did Van Gogh use Pointillism to creaete The Starry Night?,No,Image not found,Fail,N/A
,In whatt year waas Van Gogh's artwork 'Shoes' created?,Vincent van Gogh's painting A Pair of Boots was painted in 1886.,Image not found,Fail,N/A
,What is tde meaning of Van Gogh's artwork 'Portrait of Père Tanguy' ?,Vincent van Gogh's Portrait of Père Tanguy holds multiple layers of meaning,Image not found,Fail,N/A
,Hoew did Paul Gauguin use color to express emotion inn his paintings?,Explained correctly the way Paul Gauguin use color,Image not found,Fail,N/A
,What date thi Bull’s Head created?,1942 by Pablo Picasso and not by Van Gogh,Image not found,Fail,N/A
,"What did Paul Gauguin aim to express through his paintings of people and places from his travels, expecialli in Tahiti?","It's important to note that Gauguin's idealized vision of Tahiti was often at odds with the reality of life on the island, which was already impacted by colonialism. His portrayal of Tahitian people and culture has been criticized for its romanticized and sometimes exploitative aspects. However, his Tahitian paintings remain powerful expressions of his artistic vision and his search for a more authentic and meaningful way of life",Image not found,Fail,N/A
A7.png,What techniqes are used in tis picture?,"It appears you've provided a black and white version of Van Gogh's ""The Starry Night"". Even without the color, many of the key techniques are still evident:
•	Impasto: The thick application of paint is still visible in the texture of the image. Imagine running your fingers over the surface – you'd feel the ridges and bumps of the paint.
•	Expressive Brushwork: The distinct, directional strokes are even more apparent in black and white. You can clearly see the swirling motion in the sky and the way the brushstrokes define the cypress tree and the rolling hills.
•	Line: While color is absent, the lines created by the brushstrokes are emphasized. Notice how the lines define the forms of the stars, the moon, and the houses in the village.
•	Form and Shape: The simplified shapes of the houses, the church spire, and the tree create a sense of visual harmony. These simplified forms contribute to the painting's emotional impact.
•	Composition: Even in grayscale, you can see how Van Gogh arranged the elements in the painting to create a sense of movement and depth. The village in the foreground, the rolling hills in the midground, and the swirling sky in the background all work together to create a dynamic composition.
While we miss the emotional impact of Van Gogh's color choices in this version, it allows us to focus on the other fundamental elements of his artistic technique.","That's a grayscale version of Vincent van Gogh's *The Starry Night*.  The techniques used in the original painting, and therefore visible (though in grayscale) in this image, are:

* **Impasto:**  Thick application of paint.  This is evident in the visible texture of the brushstrokes, particularly in the sky and the swirling movement.  Even in grayscale, the variations in tone suggest the thickness of the paint.

* **Short, visible brushstrokes:** The brushstrokes are not blended smoothly; they are short, distinct, and expressive, contributing to the dynamism of the scene.  The directionality of the strokes creates the sense of movement in the sky.

* **Expressive use of color (though absent in this grayscale version):**  The original uses strong contrasting colors to create a sense of vibrancy and emotion.  While this grayscale version removes color, the contrast in value (light and dark) remains and still communicates that expressive intention.

* **Swirling lines and movement:** The dynamic composition uses curved lines and swirling patterns to capture the movement of the night sky and the feeling of wind. This is very apparent in the sky's depiction.

The grayscale conversion itself is a separate image processing technique, but the artistic techniques used are those employed by Van Gogh in the original.",Pass,Post_Impressionist_Painting_images
A8.png,When this picture is criated?," it is ""The Starry Night"", it was painted by Vincent van Gogh in June of 1889.
","The image is a desaturated version of Vincent van Gogh's ""The Starry Night"".  The original painting was created in June 1889.  Therefore, the image you provided, being a derivative work, was created at a later date.  I cannot determine the exact creation date of *this specific* desaturated version of the image without more information.",Pass,Post_Impressionist_Painting_images
A9.png,List its sigificance. , Vincent van Gogh's The Starry Night List significances,"That's Vincent van Gogh's *The Starry Night*.  Its significance is multifaceted:

* **Artistic Innovation:**  Van Gogh's intensely expressive style, characterized by bold impasto (thick application of paint), swirling brushstrokes, and vibrant colors, profoundly influenced modern art.  The painting's dynamism and emotional intensity broke from traditional landscape conventions.

* **Emotional Expression:** The painting is seen as a powerful expression of Van Gogh's inner world and emotional state. The swirling sky and flame-like cypress tree are often interpreted as symbolizing his turbulent emotions and spiritual yearning.  It captures a moment of both awe and inner turmoil.

* **Iconic Status:** *The Starry Night* is one of the most recognizable and reproduced works of art in the world. Its enduring popularity transcends artistic circles, becoming a widely recognized symbol of beauty, imagination, and the power of art.

* **Post-Impressionism:** The painting is a prime example of Post-Impressionism, a movement that rejected the objective realism of Impressionism in favor of subjective expression and emotional impact.

* **Cultural Impact:** *The Starry Night* has permeated popular culture, appearing in countless films, books, music videos, and merchandise.  It serves as an enduring image of artistic genius and a source of inspiration for artists and the public alike.

In short, *The Starry Night* is significant for its artistic innovation, emotional depth, iconic status, its representation of Post-Impressionism, and its enduring influence on art and culture.",Pass,Post_Impressionist_Painting_images
A10.png,What techniqes are used in tis picture?,"The Yellow Christ by Paul Gauguin, list techniques","The painting uses several techniques characteristic of Post-Impressionism, and specifically the style of Paul Gauguin:

* **Synthetism:** This is a key element.  The image simplifies forms and reduces them to their essential geometric shapes.  Colors are not used realistically but expressively, to convey emotion and meaning rather than accurate representation.  The figures and landscape are flattened and stylized.

* **Arbitrary Color:** Gauguin famously used color not for realistic depiction but to express feeling. The unnatural, vibrant yellows, oranges, and reds are emotionally charged and contribute to the painting's overall mood.  The unnatural skin tone of Christ is a prime example.

* **Flattening of Perspective:**  There's little to no attempt at realistic depth of field. Forms are layered on a relatively flat plane, creating a sense of two-dimensionality.  This contributes to the overall decorative quality of the painting.

* **Symbolic Representation:** The overall composition and the use of color are not intended to depict a realistic scene of a crucifixion but rather to express a spiritual or emotional message.  Each element holds a symbolic meaning.  The colors, the simplified figures, and the overall atmosphere all contribute to a symbolic interpretation.

* **Impasto (Possibly):** While it's hard to definitively tell from the resolution of the image, there might be some use of impasto, where thick layers of paint are applied to create texture. This technique could contribute to the vibrancy and presence of the colors.  However, this is not a defining feature of the style as presented here.


In short, the painting heavily relies on simplification of forms, symbolic use of color, and a flattening of perspective to create a powerful and expressive work, avoiding realism in favor of emotional impact and symbolic meaning.",Pass,Post_Impressionist_Painting_images
A11.png,When this picture is criated?,"This painting, Tahitian Women on the Beach, was created in 1891 by Paul Gauguin. 

He painted it shortly after arriving in Tahiti in June of that year, during his first stay on the island. ",That's a reproduction of Paul Gauguin's painting *Two Tahitian Women*.  The original painting was created in **1899**.,Pass,Post_Impressionist_Painting_images
A12.png,What special about this art work?,Cannot guess the name of the artwork or artist,"That's a reproduction of Paul Gauguin's painting *The Crucifixion*.  What's special about it is that it depicts the crucifixion of Christ in a distinctly non-Western, specifically Tahitian, context.

Gauguin was fascinated by the culture and people of Tahiti. This painting is special because:

* **Setting:**  Instead of a traditional European landscape, the crucifixion takes place in a Tahitian landscape.  The background shows a rural scene with trees, houses, and people going about their daily lives – a jarring juxtaposition of the sacred and the mundane.

* **Figures:** The figures are stylized in a way that reflects Gauguin's Post-Impressionist style. The coloring and figures themselves aren't realistic in a conventional sense; they are flattened and simplified. The figures at the base of the cross are Tahitian, further emphasizing the merging of cultures and the unusual setting.

* **Symbolism:** The painting likely carries symbolic weight relating to Gauguin's personal spiritual search and his interpretation of Christianity within a non-European context.  The blending of the sacred event with the everyday life of the Tahitian people is a deliberate artistic choice.

The grayscale reproduction obscures the original color palette (which is significant in Gauguin's style), but the unusual composition and subject matter still stand out as key features making it a special and important artwork.",Pass,Post_Impressionist_Painting_images
A13.png,What techniques are use in this picture?,"Gave the name of artwork and artist, also the technique here","That's Vincent van Gogh's ""Café Terrace at Night"".  The techniques used include:

* **Impasto:**  This is perhaps the most striking technique.  Van Gogh applied the paint very thickly, creating a visible texture on the canvas.  You can almost see the brushstrokes themselves. This adds to the vibrancy and energy of the painting.

* **Short, visible brushstrokes:**  The brushstrokes aren't blended smoothly.  They are short, distinct, and directional, contributing to the painting's dynamism and expressionistic quality.  They are often applied in parallel lines or swirls depending on the texture and form.

* **Strong color contrasts:**  The painting uses a striking juxtaposition of warm and cool colors. The café is bathed in warm yellows and oranges, contrasting dramatically with the cool blues and deep purples of the night sky and surrounding buildings.  This contrast creates a powerful visual effect.

* **Use of light and shadow:**  Van Gogh masterfully uses light to highlight the café and its patrons, creating a sense of warmth and intimacy that is in contrast with the cool darkness of the night.

* **Expressive use of color:**  The colors aren't purely realistic.  Van Gogh uses color expressively, to convey emotion and atmosphere rather than to simply represent what he sees.  The bright yellow of the café is intensified far beyond the normal appearance of light at night.

* **Perspective:** The perspective is somewhat flattened, the space isn't completely realistic, and depth is built using color and value rather than strict linear perspective.

In short, the painting is a prime example of Post-Impressionism, characterized by subjective expression and the bold use of color and brushwork to convey emotion and mood.",Pass,Post_Impressionist_Painting_images
A14.png,When Van Gogh create it?,June 1889,"That's Vincent van Gogh's ""The Starry Night"".  He painted it in June 1889.",Pass,Post_Impressionist_Painting_images
A15.png,What the meaning of this?,"This is a grayscale reproduction of Vincent van Gogh's iconic painting, The Starry Night.

While the original is full of vibrant colors, this version emphasizes the forms and textures created by his distinctive brushstrokes.

It's a beautiful way to experience the dynamic energy and emotion of the piece in a new way. Even without color, you can still feel the movement in the sky, the stillness of the village, and the towering presence of the cypress tree.","That's a grayscale, inverted version of Vincent van Gogh's ""The Starry Night"".  The image has been processed to reverse the light and dark values; the original dark areas are now light, and vice versa.",Pass,Post_Impressionist_Painting_images
A16.png,What techniques are use in this artwork?,Paul Gauguin's work,"The artwork uses a technique that appears to be a form of **abstract expressionism** or possibly **cubism**.  There is a strong emphasis on form and color (or grayscale in this reproduction), rather than precise representation.  The forms are simplified and distorted, and the composition is non-representational.  The style suggests a focus on the emotional expression of the artist, rather than a photorealistic rendering.

More specifically, the visible techniques employed could include:

* **Layering:** The image shows areas of overlapping color (grayscale tones in this case) that create depth and texture.
* **Impasto:**  Although it's difficult to be certain from a grayscale reproduction, some areas suggest the use of thick layers of paint to produce a textured surface.
* **Simplified Forms:** The figures and objects are not realistically depicted; they are reduced to their essential shapes.
* **Gestural Brushstrokes:** The brushstrokes or marks appear loose and expressive, rather than precisely controlled.


Without color information, it's impossible to say definitively, but those are the most likely techniques based on the grayscale image.",Fail,Post_Impressionist_Painting_images
A17.png,WHen Paul Gauguin finish it?,1891,"That's Paul Gauguin's painting, *Two Tahitian Women*.  He completed it in 1891.",Pass,Post_Impressionist_Painting_images
A18.png,What special about this?,"Paul Gauguin sought to express a sense of primal simplicity, emotional depth, and spiritual connection through his paintings of people and places from his travels, particularly in Tahiti. His works reflected both his fascination with and idealization of what he perceived as an unspoiled, harmonious way of life.","That's a painting of Vincent van Gogh painting sunflowers.  The special thing is that it's a *representation* of Van Gogh painting his famous sunflowers, created by another artist.  It's not an actual Van Gogh painting itself.  The style is likely intended to evoke the feel of his work, perhaps even to comment on it.",Pass,Post_Impressionist_Painting_images
,Vincent van Gogh’s paintings are widely recognize for their intense color and emotion depth.,"You're absolutely right. Vincent van Gogh's paintings are celebrated for their intense color, bold brushwork, and emotional depth",Image not found,Fail,N/A
,When is The Starry Night painted?,June 1889,Image not found,Fail,N/A
,"Vincent van Gogh often painted everyday things like flowers, landscapes and people. What do you think he wanted people  understand or feel when they look at his paintings?",Correct Answer,Image not found,Fail,N/A
,"Paul Gauguin painted with colors that weren’t always real, and he didn’t focus on tiny details. How this way of painting made his art different from other artists?",Gave the correct information to answer the question,Image not found,Fail,N/A
,"Could you maybe elaborates and gives informations about the specifical time period, year, or any historically significative context during which the famous post-Impressionist painter, Paul Gauguin, who is recognizes for his unique artistic contributing and innovating techniques, has undertaked the conceptions, development, and eventual completing of the iconical masterpiece widely known as The Yellow Christ, including any relevant backgrounds or influence what may have impacted his creative process at that time?",Gave correct historical information of artwork,Image not found,Fail,N/A
,"Can you provide a detailed explanations and discuss about what the major themes or ideations that the renowned artist Paul Gauguin, who is well-known for his groundbreaking and expressive artistic style, was attempting to conveys through the various painting he has made, most especially those works that were being created during his period of staying in Tahiti, and if possible, include the cultural influences or the symbolic significances he might was intending to showcases in these remarkable and unique artworks?",Gave the correct information to answer the question,Image not found,Fail,N/A
,Can you describe the painting techniques that Vincent van Gogh is known for and how they helped create emotion in Vincent van Gogh’s art?,Gave the correct information to answer the question,Image not found,Fail,N/A
,"The Starry Night, painted in 1889 while Vincent van Gogh was staying in a asylum in Saint-Rémy-de-Provence, is one of his most famous works, known for it swirling sky and vibrant contrast of colors. The dynamic brushstrokes reflect van Gogh's emotional turmoil and intense connect to the night.

Sunflowers, created in 1888 during his time in Arles, uses bright yellow to depict the beauty and transience of life. This piece, with it's vivid color and bold technique, symbolize both vitality and decay, capturing van Gogh's emotional depth and unique perspective on nature.","That's a beautiful and insightful description of ""The Starry Night"" and ""Sunflowers""! You've captured the essence of these iconic paintings and highlighted their key elements",Image not found,Fail,N/A
,"What meaning or feelings did Vincent van Gogh wanted to express in The Sower, and how he used his distinct techniques, like the strong brushstrokes and the vivid colors, to show the connection between the worker and nature, while also reflecting on themes of labor, life, and the struggle of human existence, all while he was going through his own inner emotional conflicts and perception of the world during that time?","Vincent van Gogh's ""The Sower"" is a powerful and evocative painting that reflects his deep connection to nature, his empathy for the working class, and his ongoing exploration of themes of labor, life, and the struggle of human existence.",Image not found,Fail,N/A
,"Provide a detailed analyzation of the meaning behind Vincent van Gogh's famous series, including the time period in which it was created, the artistic techniques he employed, and the overall significance of the work in relation to both his personal life struggles and the broader context of post-Impressionism. How did Van Gogh's unique approach to color, brushwork, and subject matter serve as a reflection of his emotional turmoil, while also conveying deeper themes of human existence, nature, and spirituality?",Gave the correct information to answer the question,Image not found,Fail,N/A
,"When exactly did Paul Gauguin, the renowned post-Impressionist artist, create the majority of his most notable and influential works, and how did his time spent in locations such as Tahiti and Pont-Aven shape his artistic development, style, and thematic choices, particularly regarding his use of color, symbolism, and depiction of exotic landscapes and native cultures?","Paul Gauguin's most significant and influential works were largely created during a specific period of intense creative exploration and personal transformation, heavily influenced by his time in Brittany (Pont-Aven) and Tahiti.   ",Image not found,Fail,N/A
,"What was the time periods during which Paul Gauguin produce the bulk of his most famous and significant artwork, and how did his experience in places like Tahiti and Pont-Aven impact the evolution of his unique styles, particularly in terms of his innovative uses of color, symbolic represention, and his portrayals of both natural and cultural subject?",Gave the correct information to answer the question,Image not found,Fail,N/A
,"In The Bedroom, Vincent van Gogh used bold color and simplified shapes to conveyed calmness and isolations, use his characteristic thick brushstrokes and choice of blues and yellows to create a sense of tranquility, while also evoke a feeling of solitude and emotional distance from the world outside.","You're absolutely right! Van Gogh's use of bold color and simplified shapes in ""The Bedroom"" contributes significantly to the overall feeling of calmness and isolation.",Image not found,Fail,N/A
,"When was 'The Bedroom' painted by Vincent van Gogh, and what was the significance of the time period in which it was created, particularly in relation to van Gogh's emotional state and his life in Arles, France?",Gave the correct information to answer the question,Image not found,Fail,N/A
,Why did Ven Goh paint The Staerry Night? What is the meaning of the Sunflowrs artwork? List the sigcance of Self-Portrait with Eaasel.,Recognized typos in question. Gave the correct information for the question.,Image not found,Fail,N/A
,"In Paul Gauguin’s painting Where Do We Come From? What Are We? Where Are We Going?, What is one technique he used?","One technique Gauguin used in his painting ""Where Do We Come From? What Are We? Where Are We Going?"" is synthetism. This technique involved using bold, flat colors and simplified forms to create a sense of harmony and symbolism. Gauguin was inspired by traditional art from around the world, including Japanese woodblock prints and Polynesian tapa cloths, and he used these influences to create his own unique style.",Image not found,Fail,N/A
,"When did Paul Gauguin create The Yellow Christ, and how did his time in Brittany and his evolving artistic vision influence the spiritual and symbolic themes in the painting?",Gave the correct information to answer the question,Image not found,Fail,N/A
,"When did Paul Gauguin create The Yellow Christ, and how did his time in Brittany and his evolving artistic vision influence the spiritual and symbolic themes in the painting?",Gave the correct information to answer the question,Image not found,Fail,N/A
A37.png,"In this painting of a skeleton smoking a cigarette, the artist use distinctive techniques to bring the subject to life despite its macabre theme. How do the artist’s use of light and shadow, brushstroke texture, and color palette contribute to the eerie yet almost lifelike quality of the skeleton, and what this choice of subject and style say about the artist's intentions or approach to exploring themes of mortality, realism, and perhaps the contrast between life and death?","Van Gogh's ""Skull with Burning Cigarette"" is a vibrant depiction of a macabre subject. He uses light and shadow to give the skull dimension, varied brushwork to create texture, and a nuanced color palette to enhance realism. This might suggest Van Gogh was exploring themes of mortality, showcasing his artistic skill, contrasting life and death, or even challenging viewers to rethink their perceptions of death.","This painting of a skeleton smoking a cigarette is a striking example of how artistic techniques can imbue a macabre subject with a surprising sense of life and even pathos.  The artist's skillful use of light, shadow, brushstrokes, and color palette contributes significantly to this effect.

**Light and Shadow:** The chiaroscuro effect is masterful.  The skull and parts of the skeleton are dramatically lit from an unseen source, highlighting their bone structure with a luminous quality.  This light seems to emanate from within the bones themselves, lending an almost ethereal glow.  The strong contrasts between light and dark, especially the deep, rich background, further isolates the skeleton and draws the viewer's attention to its details. This strategic lighting creates a sense of depth and volume, making the skeleton appear less like a mere collection of bones and more like a three-dimensional form.

**Brushstroke Texture:** The visible brushstrokes are not merely haphazard; they contribute significantly to the painting's texture.  The thick, impasto style, especially noticeable on the skull and the ribcage, gives the skeleton a palpable, almost fleshy texture.  This counter-intuitively adds to the lifelike quality; the rough texture suggests the physicality of bone, despite its inherently lifeless nature.  The contrast between the textured areas and some smoother passages enhances the sense of form and three-dimensionality.

**Color Palette:** The color palette is limited but highly effective.  The predominantly warm, yellowish tones used for the skeleton itself create a surprising sense of warmth and even fleshiness. This warmth, contrasted against the dark background, makes the skeleton appear to have an inner light, rather than being simply cold and lifeless.  The introduction of cooler greens and browns in the shadows and background helps to anchor the lighter tones and amplify the overall drama.  The muted, almost earthy palette also prevents the painting from feeling too gruesome, making it more contemplative.

**Subject and Style:** The choice of a skeleton smoking a cigarette is inherently paradoxical.  A skeleton is the ultimate symbol of mortality, while smoking is a representation of fleeting pleasure and human vice.  The juxtaposition forces the viewer to confront the contrast between life and death in a powerful, albeit understated way. The artist's style, a blend of realism and expressionism, intensifies this juxtaposition.  The realistic representation of the skeletal structure is tempered by the expressive use of light, shadow, and brushstrokes, generating an emotional response beyond simple observation.  The painting isn't simply illustrating death; it is exploring its relationship to life and the transient nature of human experience. The almost human-like pose of the skeleton, casually smoking, further underscores this exploration of mortality's proximity to the mundane and everyday.

In conclusion, the artist employs a range of technical and compositional choices to create a portrait of death that is both disturbing and strangely compelling. The painting suggests a meditation on mortality, not as a frightening end, but as a part of the continuum of life, reminding us of the fragility and ephemeral nature of our existence even within the context of ordinary actions.",Pass,Post_Impressionist_Painting_images
A38.png,.,"Understand the task
","This is Vincent van Gogh's painting ""Bedroom in Arles"".  It depicts his bedroom in the Yellow House in Arles, France.  The painting is known for its bold use of color and its expression of the artist's emotional state.  The perspective and the use of impasto (thick application of paint) give the room a sense of both intimacy and unease.",Pass,Post_Impressionist_Painting_images
A39.png,"What the significance of depicting a skeleton smoking a cigarette in this painting, and how might combination of the skeletal figure and this act of smoking challenge traditional notions of life, death, and human behavior in art? What message, commentary could the artist be conveying through this unusual and thought-provoking representation?",Can guess the name of artwork and artist,"The depiction of a skeleton smoking a cigarette in this painting is a powerful and multifaceted image that challenges traditional notions of life, death, and human behavior in art.  The significance lies in the juxtaposition of these elements:

* **The Skeleton:**  Traditionally, skeletons in art represent death, mortality, and the ephemeral nature of life. They are symbols of the end, a reminder of our own mortality.

* **The Cigarette:**  The cigarette represents several things:  a vice, a habit, addiction, and a potentially harmful activity directly linked to death. It’s also a symbol of human behavior – a choice made in life, often linked to pleasure, even though it has harmful consequences.

**The Combination:** The combination of the skeleton smoking a cigarette is jarring and ironic. It subverts the traditional representation of the skeleton as merely a symbol of the *end* of life. Instead, the act of smoking – a distinctly *living* action – is grafted onto the skeleton. This creates several possible interpretations:

* **The Persistence of Habit:**  The skeleton continues its habit even in death, suggesting the powerful grip of addiction, even beyond the physical life. It highlights how our actions and choices can have lasting consequences that even death cannot erase.

* **Death's Ironic Embrace of Life's Vices:**  The image could also suggest that death, in a way, embraces the very things that contribute to it.  The skeleton partaking in a self-destructive act underscores the absurdity and irony of human behavior.

* **Mortality's Commentary on Human Behavior:** The artist may be commenting on the fleeting nature of human experience. We engage in seemingly meaningless actions, often prioritizing immediate gratification (the pleasure of smoking) over long-term consequences (lung cancer). The skeleton highlights the ultimate consequence of this – death –  but also the continuation of these behaviors even after that point.

* **Vanity and Futility:** The skeleton's nonchalant pose while smoking might symbolize vanity and the futility of earthly pursuits.  Even after death, there is a reminder of the shallowness of some behaviors.

* **Memento Mori:** This image serves as a potent *memento mori*, a reminder of death. However, it's a less didactic version than traditional *memento mori* paintings.  It is more suggestive and thought-provoking, encouraging the viewer to reflect on their own lives and choices.


The artist's message is open to interpretation, but it certainly challenges viewers to confront the reality of death and the consequences of their actions.  It's a departure from the conventional representations of life and death, using a macabre yet strangely engaging visual metaphor to explore the complexities of human existence.",Pass,Post_Impressionist_Painting_images
,"Howw did Paul Gaugin's technque, includng his use of boldd, flatt color planes and simplfied forms, reflect not only his rejection of traditionl Western perspective but also his attemps to convey deep spirital meaning and emoshunal depth, and howw might his inspiration from Japaneze woodblock prnts and Polinesian cultur hav influenced his artstic choises in term of composishun, symblism, and colr palett?",Gave the correct information to answer the question,Image not found,Fail,N/A
,"Whenn exactlyy was the artwrk by Paul Gaugin creatd, and how doess knoing the creashun date help us understan the artist's inspirashuns, includng his experences in Tahiti and Pont-Aven, and the wayy he combin'd elements of Japaneze prints, Polynesian cultur, and bold, simplfied forms too craft a piece that refleccts both the artistic movments and personal journys of his timee?",Gave the correct information to answer the question,Image not found,Fail,N/A
,"What iss the deepre meaning behhind the artwork by Paul Gauguin, and how doess it reflecct his questt to explor themes of spiritaulity, human naturee, and the connectshun between cultur and identty, particulary throughh his use of simplfyed forms, bold colorrs, and symblism inspird by Polynesin myths, Europen tradishuns, and his own innr turmoiil, and howw does thiss combinnation contribut to the univrsal appeal and legacii of his creaton?",Gave the correct information to answer the question,Image not found,Fail,N/A
,Tell me about Van Gogh’s technique.,Gave the correct information to answer the question,Image not found,Fail,N/A
,When did Van Gogh paint Mulberry Tree?,Vincent van Gogh painted The Mulberry Tree in October 1889.   ,Image not found,Fail,N/A
,"Vincent van Gogh often painted everyday things like flowers, landscapes, and people. What do you think he wanted people to understand or feel when they looked at his paintings?","Van Gogh painted everyday things to show their beauty and evoke emotion. He wanted people to:

See beauty in the ordinary: Appreciate sunflowers, a bedroom, or even old shoes.
Feel the power of color: Experience his emotions through vibrant hues and bold strokes.
Connect with others: Empathize with the humanity of his portraits, especially working-class people.
Find hope and resilience: Even in his darker works, there's an underlying sense of beauty and perseverance.
Essentially, he wanted his art to connect with people on a deep level, sharing his unique perspective and inspiring them to see the world differently.",Image not found,Fail,N/A
,Tell me about Paul Gauguin’s technique.,Gave the correct information to answer the question,Image not found,Fail,N/A
,The Yellow Christ was painted in 1889,"You're absolutely right!  Paul Gauguin painted **The Yellow Christ in 1889**. 

It's considered one of his most important works and a key example of his Synthetist style, which he was developing around that time. 

Do you have any other questions about The Yellow Christ or any other artwork? I'm happy to discuss Gauguin, Van Gogh, or other artists and their techniques, inspirations, and the meaning behind their work.",Image not found,Fail,N/A
,"Can you explain the main themes or ideas that Gauguin wanted to communicate through his art, especially in his Tahitian paintings?","Gauguin's Tahitian paintings explore:

Escape: He sought a simpler life, free from European civilization, embracing the idea of the ""noble savage"" and ""primitive"" culture.
Spirituality: He was fascinated by Tahitian mythology, blending it with Christian imagery and portraying women as powerful spiritual figures.
Humanity: He explored the cycle of life, sexuality, and the contradictions within human nature.
Essentially, Gauguin used Tahiti as a backdrop to explore universal themes of escaping modernity, seeking spiritual meaning, and understanding the human condition. He romanticized the island and its people, offering a vision of paradise and a critique of his own society.",Image not found,Fail,N/A
A49.png,"Guess the name of artwork, artist and the technique.","Moonlight, painted by Edvard Munch in 1893.
","That's a negative image of Claude Monet's *Impression, soleil levant*.

* **Artwork:** Impression, soleil levant (Impression, Sunrise)
* **Artist:** Claude Monet
* **Technique:** Oil on canvas (the negative image is a photographic process applied to the original painting)",Fail,Post_Impressionist_Painting_images
A50.png,"Considering the intricate details, stylistic elements, and thematic depth of the artwork shown in the picture, what insights can be drawn about the exact creation date of this piece, and how might identifying the precise time period provide a deeper understanding of the artist’s creative process, the cultural or historical events that may have influenced the work, and its subsequent impact on both contemporary audiences and the trajectory of art history as a whole?","Van Gogh's ""Irises,"" painted in May 1889 while at an asylum, reflects both his turbulent emotions and a period of intense creativity. This date helps us understand his evolving style and the societal changes influencing his work. ""Irises"" was groundbreaking, impacting modern art with its bold colors and expressive brushwork. Knowing its creation date allows us to appreciate its significance in art history and Van Gogh's personal journey.","The image is a detail from Vincent van Gogh's *Irises*, a famous painting.  While I cannot definitively determine the exact date based solely on a cropped image,  knowing that it's *Irises* allows me to state with certainty that it was painted in **May 1889**.

This precise date is crucial for understanding several aspects of the artwork and its context:

* **Van Gogh's Creative Process:**  1889 marks Van Gogh's time at the Saint-Rémy asylum.  The *Irises* were painted during a period of intense artistic activity, though he was grappling with his mental health.  The painting reflects both his vibrant use of color and his emotional state – a swirling intensity in the brushstrokes suggesting a turbulent inner world, yet also a profound appreciation for the beauty of nature.  The precise dating helps us pinpoint this specific phase of his stylistic development, highlighting the simultaneous brilliance and struggle in his creative output.

* **Cultural and Historical Influences:** The late 19th century was a time of significant change in art and society.  Post-Impressionism, the movement Van Gogh heavily contributed to, was reacting against Impressionism's focus on fleeting light and instead emphasizing emotional expression through bold colors and brushwork.  The precise date anchors the painting within this larger artistic revolution.  Furthermore, understanding the context of his hospitalization and the asylum environment adds a layer of meaning, connecting the *Irises*' intense emotionality to his personal struggles.

* **Impact on Audiences and Art History:**  *Irises* is considered a masterpiece of Post-Impressionism.  Knowing the 1889 date allows for a more nuanced understanding of its initial reception and its lasting legacy.  The painting wasn't widely appreciated during his lifetime, but after his death, its emotional power and innovative style made it a key work in shaping modern art's direction.  The specific date illuminates its position within a timeline of artistic innovation and its gradual rise to iconic status.  Its influence can be traced in the works of countless artists who followed, who admired and were inspired by Van Gogh’s emotional intensity and distinctive brushstrokes.

In short, knowing the precise date of *Irises* (May 1889) isn't just a factual detail; it's a vital piece of information that deepens our appreciation for the painting’s artistic, psychological, historical, and cultural significance within the broader landscape of art history.",Pass,Post_Impressionist_Painting_images
A51.png,"What is the broader cultural, historical, and artistic significance of the artwork depicted in the image, and how does its composition, use of color, and thematic exploration contribute to its place within the artist's oeuvre, while also reflecting the societal norms, philosophical ideas, or emotional undertones prevalent during the time of its creation, ultimately shaping its reception and legacy in the art world and beyond?","Van Gogh's *Irises*, painted during his time in an asylum, reflects both his personal turmoil and the broader artistic movements of the late 19th century.  Influenced by Japanese prints, the painting's vibrant colors (though absent in this grayscale version) and dynamic composition are hallmarks of Post-Impressionism. It highlights nature as solace and the artist's emotional expression, showcasing Van Gogh's unique style. Though not initially successful, *Irises* has become one of his most celebrated works, influencing generations of artists and solidifying its place in art history.
","The provided image is a desaturated (grayscale) version of Vincent van Gogh's ""Irises,"" painted in 1889.  Analyzing its significance requires considering the original colored work, as the color is crucial to its meaning and impact. However, even in grayscale, some aspects of its broader significance remain.

**Cultural, Historical, and Artistic Significance:**

Van Gogh's ""Irises"" is a highly significant work within the context of Post-Impressionism.  Painted during his stay at the Saint-Rémy asylum, it is representative of his artistic exploration during a period of intense emotional turmoil and mental illness.  The painting's significance extends beyond its aesthetic qualities; it's considered a powerful expression of his inner world, reflecting the anxieties and complexities of his mental state while simultaneously showcasing his remarkable artistic skill and innovation.

Historically, the late 19th century was a time of rapid societal change and intellectual ferment.  The burgeoning field of psychology, alongside the anxieties of modernity, found expression in art. Van Gogh's work, often characterized by its expressiveness and emotional intensity, fits within this larger context.

Artistically, ""Irises"" exemplifies Van Gogh's unique style:

* **Impasto:**  The thick application of paint, even discernible in grayscale, is a hallmark of his technique.  This creates texture and a sense of vitality, almost a palpable energy radiating from the flowers.
* **Brushstrokes:** The vigorous, visible brushstrokes are not merely decorative; they are expressive, conveying movement, emotion, and the artist's own engagement with the subject.
* **Color (in the original):**  The original painting is known for its intense, vibrant colors.  The rich purples, blues, and yellows are not just naturalistic depictions of irises but also symbolic of emotional depth and spiritual intensity. This is lost in the grayscale version.

**Composition, Color (in the original), and Thematic Exploration:**

The composition is dense, almost overwhelming in its profusion of irises. This reflects the intensity of Van Gogh's emotional experience. The lack of a clear focal point forces the viewer to engage with the whole canvas, mirroring the artist's own immersion in his emotional state.

In the original, the color palette plays a crucial role. The vibrant, almost electric hues act as a visual expression of Van Gogh's inner world. The combination of these colors is not merely decorative, but suggestive of turmoil and yet also beauty and resilience in the midst of struggle. This interplay between intense emotions and aesthetic harmony is a key element of the painting's impact.

**Societal Norms, Philosophical Ideas, Emotional Undertones:**

The painting's creation during Van Gogh's stay in an asylum reflects the societal attitudes towards mental illness at the time.  The painting can be seen as a challenge to those attitudes, showing the beauty and power of creativity even in the context of mental distress. The painting subtly reflects the growing exploration of the human psyche, characteristic of late 19th-century intellectual currents.  The emotional undertones are of struggle, resilience, and the pursuit of beauty even amidst profound suffering.

**Reception and Legacy:**

While not immediately recognized during his lifetime, ""Irises"" has since become one of Van Gogh's most iconic and beloved works.  Its popularity stems from its potent combination of emotional intensity, artistic innovation, and aesthetic beauty. Its enduring legacy reflects our ongoing fascination with Van Gogh's life and work, as well as our own continuing exploration of the connection between mental health, creativity, and the human condition.  It continues to inspire artists and viewers alike, serving as a powerful reminder of the resilience of the human spirit.  The grayscale version, while lacking the full impact of the original's color, still conveys the energy and texture that have contributed to the painting's enduring place in art history.",Pass,Post_Impressionist_Painting_images
,"How did Paul Gauguin's innovative techniques, including the use of bold, flat planes of color, simplified forms, and a deliberate rejection of traditional Western perspectives, redefine the relationship between symbolism and representation in art, and in what ways did his stylistic approach—shaped by influences such as Japanese woodblock prints, Polynesian culture, and his concept of Synthetism—allow him to convey deeper spiritual and emotional themes, challenging conventional aesthetic norms and leaving a lasting impact on modern art movements such as Primitivism, Fauvism, and Expressionism?","Gauguin revolutionized art by using bold colors, simple forms, and rejecting traditional perspective. He prioritized expressing emotions and ideas over realistic depiction. This, combined with influences like Japanese prints and Polynesian culture, allowed him to explore spirituality and the human condition in a new way. His innovative style impacted Primitivism, Fauvism, and Expressionism, proving art could be a powerful tool for conveying inner experience.",Image not found,Fail,N/A
A53.png,,"Understand the task
","That's Vincent van Gogh's ""The Potato Eaters"".  It's one of his early, and arguably most famous, works.  The painting depicts a peasant family sharing a simple meal of potatoes.  The dark, somber palette and rough brushstrokes reflect Van Gogh's interest in portraying the hardships of rural life.",Pass,Post_Impressionist_Painting_images
A54.png,"In this vibrant depiction of irises, the artist use bold, expressive brushwork and a striking color palette to capture the natural beauty of the flowers. How does the artist’s technique—particularly they use of thick, swirling brushstrokes and contrasting colors—enhance the emotional impact of the scene and convey a sense of movement or vitality? What role do the vivid blues, greens, and contrasting oranges plays in creating depth, highlighting specific details, and evoking a particular mood or atmosphere in the painting?",Vincent van Gogh's famous painting Irises,"Vincent van Gogh's ""Irises"" is a masterclass in using brushwork and color to convey emotion and movement.  The thick, swirling brushstrokes, far from being merely decorative, are integral to the painting's dynamism and emotional impact.  They aren't just outlining the forms of the flowers and leaves; they *become* the movement, the energy of the scene. The impasto technique (thick application of paint) creates a tactile quality, making the viewer almost feel the texture of the petals and the firmness of the stems.  The swirling strokes mimic the way the irises sway gently in a breeze, creating a sense of vitality and life.  The contrasting colors further enhance this.

The color palette is key to the painting's success.  The vivid blues of the irises are not a uniform shade; they vary from deep, almost indigo hues to lighter, more lavender tones, creating depth and dimensionality. This variation prevents monotony and allows individual flowers and petals to stand out. The greens of the leaves are similarly varied, ranging from a cool, almost turquoise green to a warmer, yellowish-green, enriching the interplay of light and shadow.

The strategic use of oranges, though sparingly used, acts as a powerful contrasting element.  These pops of color, perhaps hinting at the earth or perhaps suggesting a hidden sunlit area, draw the viewer's eye, create visual interest, and enhance the overall richness of the composition.  They provide a counterpoint to the blues and greens, preventing the scene from feeling cold or static.  The oranges act as small focal points that direct the eye's path throughout the painting.

In combination, the bold brushstrokes and the vibrant, contrasting blues, greens, and oranges create a scene that is both visually exciting and emotionally evocative.  The painting doesn’t feel passive; it pulsates with a sense of life and movement, reflecting perhaps Van Gogh's own inner turmoil and passion, which are often interpreted as having been channeled into the artwork.  The overall mood is one of intense beauty and vitality, yet there is also a subtle undercurrent of tension created by the clash of colors and the energetic, almost frantic brushstrokes.",Pass,Post_Impressionist_Painting_images
A55.png,"How do the techniques in this artwork, such as bold brushstrokes, vivid contrasts, and symbolic elements, convey themes of suffering and resilience, and how might the artist’s experiences or influences have shaped their storytelling?","Can guess the name of artwork and artist
","The provided image, a grayscale version of what appears to be a landscape painting, evokes themes of suffering and resilience through its artistic techniques, even without color.  Let's analyze how:

* **Bold Brushstrokes:** The highly visible, almost frantic brushstrokes themselves suggest a turbulent and emotional state.  The lack of smoothness implies a struggle or inner turmoil, mirroring the physical effort required to create them. This unevenness creates a sense of unease and tension, reflecting potential internal suffering.

* **Vivid Contrasts (grayscale):**  The stark contrast between the bright, almost luminous white of the trees and the darker, rougher background creates a strong visual tension. The white could be interpreted as a symbol of hope or resilience, struggling to emerge from the oppressive darkness of the background representing hardship or adversity.  This contrast mirrors internal conflict: light fighting against darkness.

* **Symbolic Elements:**
    * **Trees:** The twisted and contorted shapes of the trees strongly suggest struggle and the enduring effects of hardship.  Their resilience is shown in their continued existence despite the harsh environment.  They are not broken, but bent—survivors.
    * **Landscape:** The rough and uneven texture of the landscape reinforces the sense of a difficult, unforgiving environment.  The dark sky with a possibly eclipsed sun above could suggest a sense of oppression or even a spiritual darkness.
    * **Composition:** The trees are centrally placed but are not perfectly ordered.  This suggests a lack of perfect control, perhaps reflecting an internal battle or an uneven struggle against adversity.

**Artist's Experiences and Influences:**

Without knowing the original artist, it's impossible to definitively state their experiences. However, the style strongly suggests influences from Expressionism, where the artist uses subjective emotional expression rather than objective representation of reality.  

A plausible interpretation, given the themes of suffering and resilience, could be that the artist has faced significant personal hardship – perhaps illness, loss, war, or social injustice.  The painting then becomes a visual representation of their inner world and their journey through that suffering, ultimately emphasizing the power of endurance and survival.  The grayscale itself could be a further expression of emotional restraint or a depiction of a world stripped bare by suffering.

In conclusion, the techniques used in this grayscale image effectively create a powerful emotional response by using visual metaphors of conflict and survival. The visual language of the painting suggests a narrative of enduring suffering, hinting at the artist's potential processing of personal struggles through their art.",Pass,Post_Impressionist_Painting_images
A56.png,"When was it created, and how does its creation date provide insight into the artist’s development, the broader artistic movements of the time, and the social or personal circumstances that may have influenced the themes, style, and techniques used in the work?","Can guess the name of artwork and artist

","That's a grayscale version of Vincent van Gogh's ""Olive Trees.""  Determining the exact creation date from just this image is impossible, as it lacks identifying features present in color reproductions. However, we can use information about van Gogh's life and work to narrow it down.

Van Gogh painted a series of ""Olive Trees"" during the late summer and fall of 1889, while he was residing at the Saint-Rémy-de-Provence asylum.  Therefore, the creation date is **between late August and November 1889**.

**Insight into van Gogh's Development:**

* **Impasto Technique:** The visible texture in the grayscale image suggests his characteristic impasto technique – applying thick layers of paint – which was a mature style he had developed in the years leading up to this series.  His earlier works are less textured.
* **Brushstrokes:** The dynamic and visible brushstrokes, even in grayscale, indicate a confidence and mastery of his expressive style that came later in his career.  His early works featured a different, less dramatic approach to brushwork.
* **Color Palette (Inferred):** While we don't see colors, we know from the colored versions that his use of vibrant, almost unnatural colors in this series reflects a shift towards a more symbolic and emotionally charged representation of nature. This was a departure from his earlier, more naturalistic styles.

**Artistic Movements:**

* **Post-Impressionism:**  The ""Olive Trees"" are firmly within the Post-Impressionist movement.  The subjective expression of emotion and the emphasis on personal style over objective representation clearly distinguish it from Impressionism.  The thick impasto and bold brushstrokes are hallmarks of Post-Impressionism.
* **Symbolism (Influences):**  The series can be seen as having elements of Symbolism, in the way the olive trees could be seen as metaphors for peace, resilience, or the cyclical nature of life (particularly given the context of his mental health struggles).

**Social and Personal Circumstances:**

* **Mental Health:** Van Gogh's time at the Saint-Rémy asylum profoundly impacted his art.  The ""Olive Trees"" series might reflect his struggle with mental illness, with the trees possibly symbolizing his own struggle for stability and peace within a turbulent inner world.  The swirling lines and intense brushwork could be seen as a visual representation of his inner emotional state.
* **Southern French Landscape:** The olive groves of Saint-Rémy became a primary subject for him.  The landscape itself was a powerful influence; the shapes and colors of the trees and the light itself became integral to his emotional expression in this series.


In summary, the creation date of the ""Olive Trees"" paintings, specifically its placement within the last months of 1889, is crucial for understanding van Gogh's artistic development, his position within the Post-Impressionist movement, and the strong interplay between his mental state and the physical environment which shaped his artistic output.",Pass,Post_Impressionist_Painting_images
A57.png,"On what date was tis created, and how dos understandin the specific time period help reveal the inspirations and aspirations of the artist, including the personal experiences, societal events, or artistic movements that may have influenced their choice of subject, themes, and techniques in crafting such an evocative and emotionaly charged piece?","Painted in 1893, Gauguin's ""Self-Portrait in a Hat"" reflects the artist's turbulent life and the era's artistic shifts.  He embraced Post-Impressionism, using bold colors and symbolism to express his inner turmoil.  His fascination with ""primitive"" cultures, particularly Polynesian, is hinted at in the background. The hat symbolizes his artistic identity and defiance of societal norms.  The portrait captures Gauguin's emotional state and his response to the changing artistic landscape of the late 19th century.
","That's a portrait of Maxime Maufra by Paul Gauguin.  It was painted in **1889**.

Understanding that this painting was created in 1889 is crucial to understanding its inspirations and aspirations.  Several factors from that time period significantly influenced Gauguin's work:

* **Post-Impressionism:** Gauguin was a leading figure in Post-Impressionism, a movement that reacted against Impressionism's focus on capturing fleeting moments of light and instead explored subjective expression and symbolic representation. The bold colors, simplified forms, and lack of realistic detail in the portrait are hallmarks of this style.  The flattened perspective and emphasis on color over accurate representation are key characteristics.

* **Synthetism:** Gauguin's style leaned towards Synthetism, a branch of Post-Impressionism focused on creating art using simplified forms and bold color combinations.  The almost symbolic use of color in the clothing, background, and the subject's face shows this synthetist approach. The painting is not meant to capture Maufra realistically but to evoke a feeling or idea about him.

* **Symbolism:**  Gauguin was also influenced by Symbolism, which aimed to express deeper, often spiritual or emotional, meanings through art.  The inclusion of the small framed picture in the background, potentially depicting a reclining nude (a recurring subject in Gauguin's work), might hint at hidden meanings and symbolic layers beyond a simple portrait. It could represent Maufra's passions or inner life. The background itself, with its abstract patterns and colors, adds to the overall symbolical nature.

* **Personal Relationships:** The portrait itself is a testament to Gauguin's friendship with Maxime Maufra, a fellow artist. The intimacy and the seemingly candid pose suggest a close relationship and a desire to capture Maufra's essence rather than a formal likeness. The painting is a personal record of the artistic community and friendship during that time.

* **Brittany:** Gauguin spent significant time in Brittany during this period. The somber palette and style reflect the mood and environment of this region, possibly influencing his color choices.

* **Escapism:**  This period marked a shift in Gauguin's life towards a rejection of conventional life and a search for simpler, more spiritual existence.  This personal journey may be reflected in the portrait’s simplified style, perhaps representing a desire for a more honest and essential representation of humanity.

In summary, the creation date of 1889 places Gauguin's portrait of Maufra firmly within the burgeoning Post-Impressionist and Symbolist movements.  This contextual understanding allows us to see the work not just as a portrait but as a reflection of his artistic principles, his personal relationships, and the broader cultural and artistic trends of the late 19th century.",Pass,Post_Impressionist_Painting_images
A58.png,Guess the name and the create date.,Can guess the name of artwork and the creation date,"Based on the filename ""A58.png"" and the image content, it is likely that:

* **Name:**  The image likely doesn't have a formal title beyond its filename.  Descriptive names could be ""Nude Figures in Landscape,"" ""Group Scene,"" or something similar, but this is pure speculation without more context.

* **Create Date:**  Impossible to determine without metadata embedded in the image file itself (which is often absent from simple PNGs). The style suggests it could be from the early to mid-20th century, potentially related to a certain artistic movement, but that's conjecture.  A date cannot be reliably guessed.",Pass,Post_Impressionist_Painting_images
A59.png,"Can you guess the title of this artwork, the artist behind it, and the techniques used, such as bold brushstrokes, vibrant colors, or influences like Post-Impressionism or Japanese prints, and how these elements contribute to its impact and significance?","This is a contemporary adaptation of Van Gogh's ""The Starry Night,"" featuring a castle.  It emulates his bold brushstrokes and vibrant colors, echoing Post-Impressionism and Japanese print influences. The artwork pays homage to Van Gogh while offering a new interpretation, showcasing the enduring power of his style and the accessibility of art in the digital age.","This artwork appears to be a derivative work based on Vincent van Gogh's ""The Starry Night,"" but incorporating elements from the silhouette of Hogwarts castle from the Harry Potter series.  Therefore, I cannot attribute it to a single established artist. It's likely fan art or a piece created for commercial purposes.

**Title:**  A fitting title might be something like ""Hogwarts Starry Night"" or ""The Starry Night at Hogwarts"".  More creative titles could play on the juxtaposition of the two sources, such as ""Magical Night Sky"" or ""A Wizard's Starry Night"".

**Artist:** Unknown.  It's a derivative work, and the image provided is likely a reproduction from a commercial source, such as a print, poster, or diamond painting kit.  It is not an original piece by Van Gogh or another established artist.


**Techniques:** The image is clearly created in the style of Van Gogh’s “Starry Night.” The prominent techniques emulated are:

* **Bold, Impasto Brushstrokes:** Although not literal brushstrokes (the image appears to be a diamond painting or similar pixel art), it *imitates* the thick application of paint seen in Van Gogh's work through the use of clearly defined, textured blocks of color.  This is central to the style's visual impact.
* **Vibrant Colors:** The image uses intense, saturated colors, echoing the exaggerated hues and emotional intensity of Van Gogh's palette. The yellows, blues, purples, and oranges are particularly striking.

* **Post-Impressionism Influence:** This is the most significant influence. The piece directly references the expressive style and swirling, emotive brushwork characteristic of Post-Impressionism, specifically Van Gogh's works.

**Impact and Significance:** The impact is largely derived from the unexpected combination of Van Gogh's style with a recognizable image from popular culture. It creates a novel visual experience, blending the emotional intensity of Van Gogh’s work with the familiarity and fantasy of Hogwarts. The significance is primarily found in its ability to resonate with viewers familiar with both the artist and the Harry Potter universe.  It's an example of how existing artistic styles and cultural icons can be creatively recombined to produce something new.

The piece is not artistically significant in the sense of being an original masterpiece, but it holds value in its creative appropriation and potential appeal to specific audiences.",Pass,Post_Impressionist_Painting_images
A60.png,Guess the name and the create date of this art work, a derivative work,"It's difficult to definitively name and date this artwork without additional information.  However, based on the visual style:


**Name:**  A likely name would be something referencing both the style and subject matter.  For example:

* ""Starry Night Cats""
* ""Two Cats under the Starry Night""
* ""Nocturne Feline"" (more poetic)


**Creation Date:** Impossible to determine without metadata or provenance. The style mimics Van Gogh's ""The Starry Night,"" but this is a derivative work.  It could have been created at any time after digital art technology allowed for this type of manipulation.  A possible range might be anytime from the early 2000s onwards.  (The style isn't indicative of a specific time period within that window).",Pass,Post_Impressionist_Painting_images
